[{"@type":"connection","id":"@1","name":"SK_Con_FF_Auto","description":"Flat File connection for CMD testcases Automation","runtimeEnvironmentId":"@lwL738Rp54dhiSDc12ObGF","instanceDisplayName":"CSVFile","dateFormat":"MM/dd/yyyy HH:mm:ss","database":"c:\\mat_test","codepage":"UTF-8","shortDescription":"Flat File connection for CMD testcases Automation","type":"CSVFile","port":0,"majorUpdateTime":"2020-06-26T14:19:55.000Z","timeout":60,"connParams":{"agentGroupId":"010OT225000000000005","orgId":"010OT2"},"internal":false,"federatedId":"6xK8mVhxWCAcMads8jCiUZ"}]